{
  "AzureWorkItem": {
    "fields": [
      {
        "name": "ticket_id",
        "label": "Ticket ID",
        "type": "text",
        "filterable": true
      },
      {
        "name": "workItem_id",
        "label": "WorkItem ID",
        "type": "text",
        "filterable": true
      },
      {
        "name":"workitem_status",
        "label":"Workitem_status",
        "type": "text",
        "filterable":true
      },
      {
        "name": "ticket_created_at",
        "label": "ticket_created_at",
        "type": "text"
      },
      {
        "name": "ticket_status",
        "label": "ticket_status",
        "type": "text"
      },
      {
        "name": "created_at",
      "label": "Created At",
      "type": "text"
    },
    {
    "name": "status",
    "label": "status",
    "type": "text",
    "filterable": true
  },
  {
    "name":"workitem_category",
    "label":"workitem_category",
    "type":"text",
    "filterable":true
  }
    ]
  },
"createDBPayload": {
    "fields": [
      {
          "name": "workItemId",
          "label": "workItemId",
          "type": "text",
          "filterable": true
      },
      {
          "name": "ticketId",
          "label": "ticketId",
          "type": "text",
          "filterable": true
      },
      {
          "name": "projectId",
          "label": "projectId",
          "type": "text"
      },
      {
          "name": "eventType",
          "label": "eventType",
          "type": "text",
          "required": true
      },
      {
          "name": "payload",
          "label": "payload",
          "type": "paragraph"
        }
  ]
  }
}
  

