{
  "lints": [
    {
      "severity": 1,
      "value": "server\\server.js::24: Async method 'onAppInstallCallback' has a complexity of 8. Maximum allowed is 7."
    },
    {
      "severity": 1,
      "value": "server\\server.js::69: Async method 'onExternalEventHandler' has a complexity of 12. Maximum allowed is 7."
    },
    {
      "severity": 1,
      "value": "server\\server.js::227: Async method 'onScheduledEventHandler' has a complexity of 31. Maximum allowed is 7."
    },
    {
      "severity": 1,
      "value": "server\\server.js::324: Async method 'onTicketUpdateHandler' has a complexity of 9. Maximum allowed is 7."
    },
    {
      "severity": 1,
      "value": "server\\server.js::378: Function has a complexity of 13. Maximum allowed is 7."
    },
    {
      "severity": 1,
      "value": "server\\server.js::442: Move function declaration to function body root."
    },
    {
      "severity": 1,
      "value": "server\\server.js::456: Arrow function has a complexity of 9. Maximum allowed is 7."
    },
    {
      "severity": 1,
      "value": "server\\server.js::474: Move function declaration to function body root."
    },
    {
      "severity": 1,
      "value": "server\\server.js::485: refrain from simply logging errors."
    },
    {
      "severity": 1,
      "value": "server\\server.js::629: Promise executor functions should not be async."
    },
    {
      "severity": 1,
      "value": "server\\server.js::788: Async method 'onConversationCreateCallback' has a complexity of 12. Maximum allowed is 7."
    },
    {
      "severity": 1,
      "value": "server\\server.js::1105: Promise executor functions should not be async."
    },
    {
      "severity": 1,
      "value": "server\\server.js::1158: Promise executor functions should not be async."
    },
    {
      "severity": 1,
      "value": "server\\server.js::1211: Promise executor functions should not be async."
    },
    {
      "severity": 1,
      "value": "server\\server.js::1238: Promise executor functions should not be async."
    },
    {
      "severity": 1,
      "value": "server\\server.js::1277: Async function 'webhookAddComment' has a complexity of 21. Maximum allowed is 7."
    },
    {
      "severity": 1,
      "value": "server\\server.js::1315: Move function declaration to function body root."
    },
    {
      "severity": 1,
      "value": "server\\server.js::1602: Promise executor functions should not be async."
    },
    {
      "severity": 1,
      "value": "server\\server.js::1628: Promise executor functions should not be async."
    },
    {
      "severity": 1,
      "value": "server\\server.js::1720: Async function 'addTicket' has a complexity of 10. Maximum allowed is 7."
    }
  ],
  "coverage": {},
  "coverageSummary": {
    "lines": {
      "total": 0,
      "covered": 0,
      "skipped": 0,
      "pct": "Unknown"
    },
    "statements": {
      "total": 0,
      "covered": 0,
      "skipped": 0,
      "pct": "Unknown"
    },
    "functions": {
      "total": 0,
      "covered": 0,
      "skipped": 0,
      "pct": "Unknown"
    },
    "branches": {
      "total": 0,
      "covered": 0,
      "skipped": 0,
      "pct": "Unknown"
    }
  }
}
